ds,trend,yhat_lower,yhat_upper,trend_lower,trend_upper,additive_terms,additive_terms_lower,additive_terms_upper,weekly,weekly_lower,weekly_upper,multiplicative_terms,multiplicative_terms_lower,multiplicative_terms_upper,yhat
2020-01-01,9.686219399999999e-05,-0.0012786457130424414,0.0013957062152924334,9.686219399999999e-05,9.686219399999999e-05,-2.2659655888760046e-05,-2.2659655888760046e-05,-2.2659655888760046e-05,-2.2659655888760046e-05,-2.2659655888760046e-05,-2.2659655888760046e-05,0.0,0.0,0.0,7.420253811123994e-05
2020-01-02,1.000026862194,0.9986468376051859,1.0013514824827312,1.000026862194,1.000026862194,-5.30104855502659e-06,-5.30104855502659e-06,-5.30104855502659e-06,-5.30104855502659e-06,-5.30104855502659e-06,-5.30104855502659e-06,0.0,0.0,0.0,1.000021561145445
2020-01-03,1.999956862194,1.9987307219830326,2.0013369248993214,1.999956862194,1.999956862194,1.6100842493689404e-05,1.6100842493689404e-05,1.6100842493689404e-05,1.6100842493689404e-05,1.6100842493689404e-05,1.6100842493689404e-05,0.0,0.0,0.0,1.9999729630364937
2020-01-04,2.9998868621939994,2.998590555148126,3.001257916467904,2.9998868621939994,2.9998868621939994,2.3448135717367987e-05,2.3448135717367987e-05,2.3448135717367987e-05,2.3448135717367987e-05,2.3448135717367987e-05,2.3448135717367987e-05,0.0,0.0,0.0,2.999910310329717
2020-01-05,3.9999701231939997,3.9986321483787033,4.001510880314305,3.9999701231939997,3.9999701231939997,1.2960432586758064e-05,1.2960432586758064e-05,1.2960432586758064e-05,1.2960432586758064e-05,1.2960432586758064e-05,1.2960432586758064e-05,0.0,0.0,0.0,3.9999830836265864
2020-01-06,5.000053384194,4.998739385685148,5.0013137843275715,5.000053384194,5.000053384194,-3.643991549952666e-06,-3.643991549952666e-06,-3.643991549952666e-06,-3.643991549952666e-06,-3.643991549952666e-06,-3.643991549952666e-06,0.0,0.0,0.0,5.000049740202449
2020-01-07,6.000136645194001,5.998876341468741,6.001419553152715,6.000136645194001,6.000136645194001,-2.0904714804008778e-05,-2.0904714804008778e-05,-2.0904714804008778e-05,-2.0904714804008778e-05,-2.0904714804008778e-05,-2.0904714804008778e-05,0.0,0.0,0.0,6.000115740479197
2020-01-08,7.000041795194001,6.99871398912698,7.001295309081747,7.000041795194001,7.000041795194001,-2.2659655888751342e-05,-2.2659655888751342e-05,-2.2659655888751342e-05,-2.2659655888751342e-05,-2.2659655888751342e-05,-2.2659655888751342e-05,0.0,0.0,0.0,7.000019135538112
2020-01-09,7.999946945194001,7.998640464373719,8.001199152397849,7.999946945194001,7.999946945194001,-5.301048555008459e-06,-5.301048555008459e-06,-5.301048555008459e-06,-5.301048555008459e-06,-5.301048555008459e-06,-5.301048555008459e-06,0.0,0.0,0.0,7.999941644145446
2020-01-10,8.999852095193999,8.998518702512714,9.001188760480744,8.999852095193999,8.999852095193999,1.6100842493638277e-05,1.6100842493638277e-05,1.6100842493638277e-05,1.6100842493638277e-05,1.6100842493638277e-05,1.6100842493638277e-05,0.0,0.0,0.0,8.999868196036493
2020-01-11,9.999904395193997,9.998620710041259,10.001270882994534,9.999904395193997,9.999904395193997,2.3448135717364508e-05,2.3448135717364508e-05,2.3448135717364508e-05,2.3448135717364508e-05,2.3448135717364508e-05,2.3448135717364508e-05,0.0,0.0,0.0,9.999927843329715
2020-01-12,10.999956695193998,10.998571199993613,11.00129384281171,10.999956695193998,10.999956695193998,1.2960432586746932e-05,1.2960432586746932e-05,1.2960432586746932e-05,1.2960432586746932e-05,1.2960432586746932e-05,1.2960432586746932e-05,0.0,0.0,0.0,10.999969655626584
2020-01-13,12.000008995193998,11.998637089869739,12.001438625715245,12.000008995193998,12.000008995193998,-3.6439915499657077e-06,-3.6439915499657077e-06,-3.6439915499657077e-06,-3.6439915499657077e-06,-3.6439915499657077e-06,-3.6439915499657077e-06,0.0,0.0,0.0,12.000005351202448
2020-01-14,13.000061295193998,12.99867389568013,13.001314169177073,13.000061295193998,13.000061295193998,-2.0904714804019206e-05,-2.0904714804019206e-05,-2.0904714804019206e-05,-2.0904714804019206e-05,-2.0904714804019206e-05,-2.0904714804019206e-05,0.0,0.0,0.0,13.000040390479194
2020-01-15,14.000043225793998,13.998633947065171,14.001298761748567,14.000043225793998,14.000043225793998,-2.265965588878006e-05,-2.265965588878006e-05,-2.265965588878006e-05,-2.265965588878006e-05,-2.265965588878006e-05,-2.265965588878006e-05,0.0,0.0,0.0,14.00002056613811
2020-01-16,15.000025156393999,14.99872733209561,15.001354501427228,15.000025156393999,15.000025156393999,-5.301048554990328e-06,-5.301048554990328e-06,-5.301048554990328e-06,-5.301048554990328e-06,-5.301048554990328e-06,-5.301048554990328e-06,0.0,0.0,0.0,15.000019855345444
2020-01-17,16.000007086994,15.998689587350912,16.001373032046953,16.000007086994,16.000007086994,1.6100842493643407e-05,1.6100842493643407e-05,1.6100842493643407e-05,1.6100842493643407e-05,1.6100842493643407e-05,1.6100842493643407e-05,0.0,0.0,0.0,16.000023187836494
2020-01-18,16.999995200104,16.99866065733602,17.001334323214945,16.999995200104,16.999995200104,2.3448135717364965e-05,2.3448135717364965e-05,2.3448135717364965e-05,2.3448135717364965e-05,2.3448135717364965e-05,2.3448135717364965e-05,0.0,0.0,0.0,17.000018648239717
2020-01-19,17.999983313214,17.99859919835377,18.001375328003075,17.999983313214,17.999983313214,1.2960432586736324e-05,1.2960432586736324e-05,1.2960432586736324e-05,1.2960432586736324e-05,1.2960432586736324e-05,1.2960432586736324e-05,0.0,0.0,0.0,17.999996273646587
2020-01-20,18.999971426324,18.998672209173336,19.001258206776477,18.999971426324,18.999971426324,-3.6439915499797684e-06,-3.6439915499797684e-06,-3.6439915499797684e-06,-3.6439915499797684e-06,-3.6439915499797684e-06,-3.6439915499797684e-06,0.0,0.0,0.0,18.999967782332448
2020-01-21,19.999981097934,19.99861574057143,20.001256503373927,19.999981097934,19.999981097934,-2.0904714804029642e-05,-2.0904714804029642e-05,-2.0904714804029642e-05,-2.0904714804029642e-05,-2.0904714804029642e-05,-2.0904714804029642e-05,0.0,0.0,0.0,19.999960193219195
2020-01-22,20.999990769544002,20.998532584967137,21.001281342653662,20.999990769544002,20.999990769544002,-2.265965588877135e-05,-2.265965588877135e-05,-2.265965588877135e-05,-2.265965588877135e-05,-2.265965588877135e-05,-2.265965588877135e-05,0.0,0.0,0.0,20.999968109888112
2020-01-23,22.000000441153997,21.998629712496015,22.001280459407052,22.000000441153997,22.000000441153997,-5.301048554972198e-06,-5.301048554972198e-06,-5.301048554972198e-06,-5.301048554972198e-06,-5.301048554972198e-06,-5.301048554972198e-06,0.0,0.0,0.0,21.99999514010544
2020-01-24,22.999988379363998,22.998696134701223,23.001324442517333,22.999988379363998,22.999988379363998,1.6100842493657603e-05,1.6100842493657603e-05,1.6100842493657603e-05,1.6100842493657603e-05,1.6100842493657603e-05,1.6100842493657603e-05,0.0,0.0,0.0,23.000004480206492
2020-01-25,23.999976317574,23.99870494824723,24.001317695802122,23.999976317574,23.999976317574,2.3448135717361486e-05,2.3448135717361486e-05,2.3448135717361486e-05,2.3448135717361486e-05,2.3448135717361486e-05,2.3448135717361486e-05,0.0,0.0,0.0,23.999999765709717
2020-01-26,24.999964255784004,24.998730997728476,25.001370362111626,24.999964255784004,24.999964255784004,1.2960432586785848e-05,1.2960432586785848e-05,1.2960432586785848e-05,1.2960432586785848e-05,1.2960432586785848e-05,1.2960432586785848e-05,0.0,0.0,0.0,24.999977216216593
2020-01-27,25.999979311494005,25.998595704122877,26.001156619625036,25.999979311494005,25.999979311494005,-3.643991549993829e-06,-3.643991549993829e-06,-3.643991549993829e-06,-3.643991549993829e-06,-3.643991549993829e-06,-3.643991549993829e-06,0.0,0.0,0.0,25.999975667502454
2020-01-28,26.999994367204,26.99871942035773,27.001345783212596,26.999994367204,26.999994367204,-2.0904714804035344e-05,-2.0904714804035344e-05,-2.0904714804035344e-05,-2.0904714804035344e-05,-2.0904714804035344e-05,-2.0904714804035344e-05,0.0,0.0,0.0,26.999973462489194
2020-01-29,28.000009422913994,27.998609027288907,28.001332330400743,28.000009422913994,28.000009422913994,-2.2659655888769116e-05,-2.2659655888769116e-05,-2.2659655888769116e-05,-2.2659655888769116e-05,-2.2659655888769116e-05,-2.2659655888769116e-05,0.0,0.0,0.0,27.999986763258104
2020-01-30,28.999998856623996,28.998755114108203,29.00125781177283,28.999998856623996,28.999998856623996,-5.301048554957541e-06,-5.301048554957541e-06,-5.301048554957541e-06,-5.301048554957541e-06,-5.301048554957541e-06,-5.301048554957541e-06,0.0,0.0,0.0,28.99999355557544
2020-01-31,29.999988290334,29.99866343028305,30.001372966425436,29.999988290334,29.999988290334,1.610084249360345e-05,1.610084249360345e-05,1.610084249360345e-05,1.610084249360345e-05,1.610084249360345e-05,1.610084249360345e-05,0.0,0.0,0.0,30.000004391176493
2020-02-01,30.999977724044,30.99875816752227,31.001283408235786,30.999977724044,30.999977724044,2.3448135717358e-05,2.3448135717358e-05,2.3448135717358e-05,2.3448135717358e-05,2.3448135717358e-05,2.3448135717358e-05,0.0,0.0,0.0,31.00000117217972
2020-02-02,31.999967157753996,31.998731179361283,32.00139481684942,31.999967157753996,31.999967157753996,1.2960432586775243e-05,1.2960432586775243e-05,1.2960432586775243e-05,1.2960432586775243e-05,1.2960432586775243e-05,1.2960432586775243e-05,0.0,0.0,0.0,31.999980118186585
2020-02-03,32.999986111064,32.99876252766167,33.001312942512804,32.999986111064,32.999986111064,-3.6439915499317302e-06,-3.6439915499317302e-06,-3.6439915499317302e-06,-3.6439915499317302e-06,-3.6439915499317302e-06,-3.6439915499317302e-06,0.0,0.0,0.0,32.99998246707245
2020-02-04,34.000005064373994,33.99871061059884,34.00129277387908,34.000005064373994,34.000005064373994,-2.0904714804045776e-05,-2.0904714804045776e-05,-2.0904714804045776e-05,-2.0904714804045776e-05,-2.0904714804045776e-05,-2.0904714804045776e-05,0.0,0.0,0.0,33.99998415965919
2020-02-05,35.000024017684,34.99878583640727,35.00138268494242,35.000024017684,35.000024017684,-2.265965588876041e-05,-2.265965588876041e-05,-2.265965588876041e-05,-2.265965588876041e-05,-2.265965588876041e-05,-2.265965588876041e-05,0.0,0.0,0.0,35.00000135802811
2020-02-06,36.000001763194,35.998658483344826,36.0013828535174,36.000001763194,36.000001763194,-5.301048555034908e-06,-5.301048555034908e-06,-5.301048555034908e-06,-5.301048555034908e-06,-5.301048555034908e-06,-5.301048555034908e-06,0.0,0.0,0.0,35.99999646214545
2020-02-07,36.999979508704,36.9987361162207,37.001367096896765,36.999979508704,36.999979508704,1.610084249361764e-05,1.610084249361764e-05,1.610084249361764e-05,1.610084249361764e-05,1.610084249361764e-05,1.610084249361764e-05,0.0,0.0,0.0,36.999995609546495
2020-02-08,37.999957254213996,37.99867641137126,38.00129999737296,37.999957254213996,37.999957254213996,2.344813571735846e-05,2.344813571735846e-05,2.344813571735846e-05,2.344813571735846e-05,2.344813571735846e-05,2.344813571735846e-05,0.0,0.0,0.0,37.99998070234971
2020-02-09,38.999967868523996,38.998636098940025,39.001366796300054,38.999967868523996,38.999967868523996,1.2960432586763581e-05,1.2960432586763581e-05,1.2960432586763581e-05,1.2960432586763581e-05,1.2960432586763581e-05,1.2960432586763581e-05,0.0,0.0,0.0,38.99998082895658
2020-02-10,39.999978482834,39.99867179758756,40.00127078714991,39.999978482834,39.999978482834,-3.6439915499457905e-06,-3.6439915499457905e-06,-3.6439915499457905e-06,-3.6439915499457905e-06,-3.6439915499457905e-06,-3.6439915499457905e-06,0.0,0.0,0.0,39.999974838842455
2020-02-11,40.999989097143995,40.9986512344238,41.001266535223884,40.999989097143995,40.999989097143995,-2.090471480400645e-05,-2.090471480400645e-05,-2.090471480400645e-05,-2.090471480400645e-05,-2.090471480400645e-05,-2.090471480400645e-05,0.0,0.0,0.0,40.99996819242919
2020-02-12,41.999978062654,41.99859887358628,42.0012441949665,41.999978062654,41.999978062654,-2.26596558887517e-05,-2.26596558887517e-05,-2.26596558887517e-05,-2.26596558887517e-05,-2.26596558887517e-05,-2.26596558887517e-05,0.0,0.0,0.0,41.99995540299811
2020-02-13,42.999967028164,42.998621342817934,43.00123317696581,42.999967028164,42.999967028164,-5.301048555020251e-06,-5.301048555020251e-06,-5.301048555020251e-06,-5.301048555020251e-06,-5.301048555020251e-06,-5.301048555020251e-06,0.0,0.0,0.0,42.99996172711545
2020-02-14,43.99995599367399,43.998646150313135,44.00137647053249,43.99995599367399,43.99995599367399,1.6100842493628818e-05,1.6100842493628818e-05,1.6100842493628818e-05,1.6100842493628818e-05,1.6100842493628818e-05,1.6100842493628818e-05,0.0,0.0,0.0,43.99997209451649
2020-02-15,44.99996219968399,44.99863207902265,45.00131728160841,44.99996219968399,44.99996219968399,2.344813571735498e-05,2.344813571735498e-05,2.344813571735498e-05,2.344813571735498e-05,2.344813571735498e-05,2.344813571735498e-05,0.0,0.0,0.0,44.999985647819706
2020-02-16,45.999968405694,45.99862170596307,46.00127660579895,45.999968405694,45.999968405694,1.2960432586752972e-05,1.2960432586752972e-05,1.2960432586752972e-05,1.2960432586752972e-05,1.2960432586752972e-05,1.2960432586752972e-05,0.0,0.0,0.0,45.99998136612658
2020-02-17,46.999974611704,46.99871759200381,47.001193750858356,46.999974611704,46.999974611704,-3.6439915499598496e-06,-3.6439915499598496e-06,-3.6439915499598496e-06,-3.6439915499598496e-06,-3.6439915499598496e-06,-3.6439915499598496e-06,0.0,0.0,0.0,46.99997096771245
2020-02-18,47.999973237714,47.99865927709902,48.00118554340233,47.999973237714,47.999973237714,-2.090471480401688e-05,-2.090471480401688e-05,-2.090471480401688e-05,-2.090471480401688e-05,-2.090471480401688e-05,-2.090471480401688e-05,0.0,0.0,0.0,47.9999523329992
2020-02-19,48.999971863724,48.998501582581916,49.00126369390319,48.999971863724,48.999971863724,-2.2659655888749465e-05,-2.2659655888749465e-05,-2.2659655888749465e-05,-2.2659655888749465e-05,-2.2659655888749465e-05,-2.2659655888749465e-05,0.0,0.0,0.0,48.99994920406811
2020-02-20,49.999970489734,49.99868265225301,50.00138072808723,49.999970489734,49.999970489734,-5.301048554995173e-06,-5.301048554995173e-06,-5.301048554995173e-06,-5.301048554995173e-06,-5.301048554995173e-06,-5.301048554995173e-06,0.0,0.0,0.0,49.999965188685444
2020-02-21,50.999969115743994,50.99866834795649,51.001216144093995,50.999969115743994,50.999969115743994,1.610084249363999e-05,1.610084249363999e-05,1.610084249363999e-05,1.610084249363999e-05,1.610084249363999e-05,1.610084249363999e-05,0.0,0.0,0.0,50.99998521658649
2020-02-22,51.999976685544006,51.99863639621323,52.00134951478031,51.999976685544006,51.999976685544006,2.3448135717364257e-05,2.3448135717364257e-05,2.3448135717364257e-05,2.3448135717364257e-05,2.3448135717364257e-05,2.3448135717364257e-05,0.0,0.0,0.0,52.00000013367972
2020-02-23,52.999984255344,52.99870535615809,53.00123420541696,52.999984255344,52.999984255344,1.2960432586742368e-05,1.2960432586742368e-05,1.2960432586742368e-05,1.2960432586742368e-05,1.2960432586742368e-05,1.2960432586742368e-05,0.0,0.0,0.0,52.99999721577659
2020-02-24,53.999991825143994,53.9985670363011,54.00128298875757,53.999991825143994,53.999991825143994,-3.6439915499728922e-06,-3.6439915499728922e-06,-3.6439915499728922e-06,-3.6439915499728922e-06,-3.6439915499728922e-06,-3.6439915499728922e-06,0.0,0.0,0.0,53.999988181152446
2020-02-25,54.999994552404,54.99859208928205,55.001341398302436,54.999994552404,54.999994552404,-2.0904714804024946e-05,-2.0904714804024946e-05,-2.0904714804024946e-05,-2.0904714804024946e-05,-2.0904714804024946e-05,-2.0904714804024946e-05,0.0,0.0,0.0,54.999973647689195
2020-02-26,55.999997279663994,55.998635178267904,56.00132050406602,55.999997279663994,55.999997279663994,-2.265965588874076e-05,-2.265965588874076e-05,-2.265965588874076e-05,-2.265965588874076e-05,-2.265965588874076e-05,-2.265965588874076e-05,0.0,0.0,0.0,55.9999746200081
2020-02-27,57.000000006924004,56.998729131541054,57.0013520550973,57.000000006924004,57.000000006924004,-5.301048555076014e-06,-5.301048555076014e-06,-5.301048555076014e-06,-5.301048555076014e-06,-5.301048555076014e-06,-5.301048555076014e-06,0.0,0.0,0.0,56.99999470587545
2020-02-28,57.999982045484,57.9986156287831,58.001412854753944,57.999982045484,57.999982045484,1.6100842493651162e-05,1.6100842493651162e-05,1.6100842493651162e-05,1.6100842493651162e-05,1.6100842493651162e-05,1.6100842493651162e-05,0.0,0.0,0.0,57.9999981463265
2020-02-29,58.999964084043995,58.9987105385559,59.00134339340688,58.999964084043995,58.999964084043995,2.344813571736078e-05,2.344813571736078e-05,2.344813571736078e-05,2.344813571736078e-05,2.344813571736078e-05,2.344813571736078e-05,0.0,0.0,0.0,58.99998753217971
2020-03-01,59.999946122603994,59.99868508360017,60.00126269493487,59.999946122603994,59.999946122603994,1.2960432586791364e-05,1.2960432586791364e-05,1.2960432586791364e-05,1.2960432586791364e-05,1.2960432586791364e-05,1.2960432586791364e-05,0.0,0.0,0.0,59.99995908303658
2020-03-02,60.999957104164,60.99867385039329,61.00133800657556,60.999957104164,60.999957104164,-3.6439915499879715e-06,-3.6439915499879715e-06,-3.6439915499879715e-06,-3.6439915499879715e-06,-3.6439915499879715e-06,-3.6439915499879715e-06,0.0,0.0,0.0,60.99995346017245
2020-03-03,61.99996808572401,61.99859881199887,62.00129854750416,61.99996808572401,61.99996808572401,-2.0904714804033016e-05,-2.0904714804033016e-05,-2.0904714804033016e-05,-2.0904714804033016e-05,-2.0904714804033016e-05,-2.0904714804033016e-05,0.0,0.0,0.0,61.999947181009205
2020-03-04,62.999979067284,62.99860101190593,63.00116329771593,62.999979067284,62.999979067284,-2.265965588876948e-05,-2.265965588876948e-05,-2.265965588876948e-05,-2.265965588876948e-05,-2.265965588876948e-05,-2.265965588876948e-05,0.0,0.0,0.0,62.99995640762811
2020-03-05,63.99995877004402,63.99862315071528,64.00121088199187,63.99995877004402,63.99995877004402,-5.3010485550578835e-06,-5.3010485550578835e-06,-5.3010485550578835e-06,-5.3010485550578835e-06,-5.3010485550578835e-06,-5.3010485550578835e-06,0.0,0.0,0.0,63.999953468995464
2020-03-06,64.999938472804,64.99858301976909,65.0012490475362,64.999938472804,64.999938472804,1.6100842493665362e-05,1.6100842493665362e-05,1.6100842493665362e-05,1.6100842493665362e-05,1.6100842493665362e-05,1.6100842493665362e-05,0.0,0.0,0.0,64.99995457364649
2020-03-07,65.99991817556399,65.99865469914451,66.00129298945593,65.99991817556399,65.99991817556399,2.344813571735927e-05,2.344813571735927e-05,2.344813571735927e-05,2.344813571735927e-05,2.344813571735927e-05,2.344813571735927e-05,0.0,0.0,0.0,65.99994162369971
2020-03-08,66.999938184024,66.99863758663062,67.00131559185303,66.999938184024,66.999938184024,1.296043258678076e-05,1.296043258678076e-05,1.296043258678076e-05,1.296043258678076e-05,1.296043258678076e-05,1.296043258678076e-05,0.0,0.0,0.0,66.99995114445659
2020-03-09,67.99995819248399,67.9987024221081,68.00124234669435,67.99995819248399,67.99995819248399,-3.6439915499248553e-06,-3.6439915499248553e-06,-3.6439915499248553e-06,-3.6439915499248553e-06,-3.6439915499248553e-06,-3.6439915499248553e-06,0.0,0.0,0.0,67.99995454849244
2020-03-10,68.999978200944,68.9985892086108,69.00119575878165,68.999978200944,68.999978200944,-2.0904714804041083e-05,-2.0904714804041083e-05,-2.0904714804041083e-05,-2.0904714804041083e-05,-2.0904714804041083e-05,-2.0904714804041083e-05,0.0,0.0,0.0,68.9999572962292
2020-03-11,69.999998209404,69.99861915025964,70.00127529704403,69.999998209404,69.999998209404,-2.2659655888760764e-05,-2.2659655888760764e-05,-2.2659655888760764e-05,-2.2659655888760764e-05,-2.2659655888760764e-05,-2.2659655888760764e-05,0.0,0.0,0.0,69.99997554974811
2020-03-12,70.999986240364,70.99851511436395,71.0012768295454,70.999986240364,70.999986240364,-5.301048555043226e-06,-5.301048555043226e-06,-5.301048555043226e-06,-5.301048555043226e-06,-5.301048555043226e-06,-5.301048555043226e-06,0.0,0.0,0.0,70.99998093931544
2020-03-13,71.999974271324,71.99866005438375,72.00129572536612,71.999974271324,71.999974271324,1.6100842493673514e-05,1.6100842493673514e-05,1.6100842493673514e-05,1.6100842493673514e-05,1.6100842493673514e-05,1.6100842493673514e-05,0.0,0.0,0.0,71.9999903721665
2020-03-14,72.999962302284,72.99872173798508,73.00128643808252,72.999962302284,72.999962302284,2.344813571735776e-05,2.344813571735776e-05,2.344813571735776e-05,2.344813571735776e-05,2.344813571735776e-05,2.344813571735776e-05,0.0,0.0,0.0,72.99998575041973
2020-03-15,73.999973520444,73.9987062057877,74.00132100976145,73.999973520444,73.999973520444,1.2960432586769096e-05,1.2960432586769096e-05,1.2960432586769096e-05,1.2960432586769096e-05,1.2960432586769096e-05,1.2960432586769096e-05,0.0,0.0,0.0,73.99998648087659
2020-03-16,74.999984738604,74.99854436453126,75.00129544438714,74.999984738604,74.999984738604,-3.6439915499389143e-06,-3.6439915499389143e-06,-3.6439915499389143e-06,-3.6439915499389143e-06,-3.6439915499389143e-06,-3.6439915499389143e-06,0.0,0.0,0.0,74.99998109461245
2020-03-17,75.999995956764,75.9986193829013,76.00136404413227,75.999995956764,75.999995956764,-2.0904714804051512e-05,-2.0904714804051512e-05,-2.0904714804051512e-05,-2.0904714804051512e-05,-2.0904714804051512e-05,-2.0904714804051512e-05,0.0,0.0,0.0,75.9999750520492
2020-03-18,76.999980879024,76.99869696397329,77.00133265179133,76.999980879024,76.999980879024,-2.2659655888758532e-05,-2.2659655888758532e-05,-2.2659655888758532e-05,-2.2659655888758532e-05,-2.2659655888758532e-05,-2.2659655888758532e-05,0.0,0.0,0.0,76.99995821936811
2020-03-19,77.99996580128399,77.99862926857286,78.00136911489192,77.99996580128399,77.99996580128399,-5.301048555028569e-06,-5.301048555028569e-06,-5.301048555028569e-06,-5.301048555028569e-06,-5.301048555028569e-06,-5.301048555028569e-06,0.0,0.0,0.0,77.99996050023543
2020-03-20,78.999950723544,78.99858967515783,79.00126144663025,78.999950723544,78.999950723544,1.6100842493622384e-05,1.6100842493622384e-05,1.6100842493622384e-05,1.6100842493622384e-05,1.6100842493622384e-05,1.6100842493622384e-05,0.0,0.0,0.0,78.99996682438649
2020-03-21,79.999951193404,79.99867421153921,80.00133601059427,79.999951193404,79.999951193404,2.3448135717356248e-05,2.3448135717356248e-05,2.3448135717356248e-05,2.3448135717356248e-05,2.3448135717356248e-05,2.3448135717356248e-05,0.0,0.0,0.0,79.99997464153972
2020-03-22,80.99995166326401,80.99865379207726,81.00127832471817,80.99995166326401,80.99995166326401,1.2960432586758487e-05,1.2960432586758487e-05,1.2960432586758487e-05,1.2960432586758487e-05,1.2960432586758487e-05,1.2960432586758487e-05,0.0,0.0,0.0,80.9999646236966
2020-03-23,81.99995213312401,81.99858588290529,82.00122927351838,81.99995213312401,81.99995213312401,-3.6439915499519553e-06,-3.6439915499519553e-06,-3.6439915499519553e-06,-3.6439915499519553e-06,-3.6439915499519553e-06,-3.6439915499519553e-06,0.0,0.0,0.0,81.99994848913246
2020-03-24,82.999952602984,82.99864245953314,83.0012269008466,82.999952602984,82.999952602984,-2.0904714804057218e-05,-2.0904714804057218e-05,-2.0904714804057218e-05,-2.0904714804057218e-05,-2.0904714804057218e-05,-2.0904714804057218e-05,0.0,0.0,0.0,82.9999316982692
2020-03-25,83.99995307284401,83.99864491270692,84.00119677675868,83.99995307284401,83.99995307284401,-2.265965588878725e-05,-2.265965588878725e-05,-2.265965588878725e-05,-2.265965588878725e-05,-2.265965588878725e-05,-2.265965588878725e-05,0.0,0.0,0.0,83.99993041318812
2020-03-26,84.999953542704,84.99865205435995,85.00131366446094,84.999953542704,84.999953542704,-5.301048555006966e-06,-5.301048555006966e-06,-5.301048555006966e-06,-5.301048555006966e-06,-5.301048555006966e-06,-5.301048555006966e-06,0.0,0.0,0.0,84.99994824165545
2020-03-27,85.99995401256402,85.99864932511511,86.00124367357989,85.99995401256402,85.99995401256402,1.6100842493633554e-05,1.6100842493633554e-05,1.6100842493633554e-05,1.6100842493633554e-05,1.6100842493633554e-05,1.6100842493633554e-05,0.0,0.0,0.0,85.9999701134065
2020-03-28,86.999954482424,86.9986923428882,87.00121648171724,86.999954482424,86.999954482424,2.3448135717352768e-05,2.3448135717352768e-05,2.3448135717352768e-05,2.3448135717352768e-05,2.3448135717352768e-05,2.3448135717352768e-05,0.0,0.0,0.0,86.99997793055972
2020-03-29,87.999954952284,87.99862474024742,88.00124503211005,87.999954952284,87.999954952284,1.2960432586747354e-05,1.2960432586747354e-05,1.2960432586747354e-05,1.2960432586747354e-05,1.2960432586747354e-05,1.2960432586747354e-05,0.0,0.0,0.0,87.99996791271658
2020-03-30,88.999955422144,88.99852367333152,89.00126407636203,88.999955422144,88.999955422144,-3.6439915499649974e-06,-3.6439915499649974e-06,-3.6439915499649974e-06,-3.6439915499649974e-06,-3.6439915499649974e-06,-3.6439915499649974e-06,0.0,0.0,0.0,88.99995177815245
2020-03-31,89.999955892004,89.9985439510321,90.00126531223316,89.999955892004,89.999955892004,-2.0904714804020257e-05,-2.0904714804020257e-05,-2.0904714804020257e-05,-2.0904714804020257e-05,-2.0904714804020257e-05,-2.0904714804020257e-05,0.0,0.0,0.0,89.9999349872892
2020-04-01,90.99995636186401,90.99867149705337,91.00127558132154,90.99995636186401,90.99995636186401,-2.2659655888781784e-05,-2.2659655888781784e-05,-2.2659655888781784e-05,-2.2659655888781784e-05,-2.2659655888781784e-05,-2.2659655888781784e-05,0.0,0.0,0.0,90.99993370220812
2020-04-02,91.999956831724,91.99862757647921,92.00119372892686,91.999956831724,91.999956831724,-5.301048554992309e-06,-5.301048554992309e-06,-5.301048554992309e-06,-5.301048554992309e-06,-5.301048554992309e-06,-5.301048554992309e-06,0.0,0.0,0.0,91.99995153067545
2020-04-03,92.99995730158402,92.99866850089549,93.00126479153704,92.99995730158402,92.99995730158402,1.610084249364775e-05,1.610084249364775e-05,1.610084249364775e-05,1.610084249364775e-05,1.610084249364775e-05,1.610084249364775e-05,0.0,0.0,0.0,92.9999734024265
2020-04-04,93.999957771444,93.9986607695846,94.00137134060694,93.999957771444,93.999957771444,2.3448135717364017e-05,2.3448135717364017e-05,2.3448135717364017e-05,2.3448135717364017e-05,2.3448135717364017e-05,2.3448135717364017e-05,0.0,0.0,0.0,93.99998121957972
2020-04-05,94.999958241304,94.9986803289109,95.00132168086799,94.999958241304,94.999958241304,1.2960432586796883e-05,1.2960432586796883e-05,1.2960432586796883e-05,1.2960432586796883e-05,1.2960432586796883e-05,1.2960432586796883e-05,0.0,0.0,0.0,94.99997120173659
2020-04-06,95.999958711164,95.99866777646626,96.00127600893137,95.999958711164,95.999958711164,-3.6439915499800767e-06,-3.6439915499800767e-06,-3.6439915499800767e-06,-3.6439915499800767e-06,-3.6439915499800767e-06,-3.6439915499800767e-06,0.0,0.0,0.0,95.99995506717245
2020-04-07,96.99995918102401,96.99859351781544,97.0012634637122,96.99995918102401,96.99995918102401,-2.090471480402832e-05,-2.090471480402832e-05,-2.090471480402832e-05,-2.090471480402832e-05,-2.090471480402832e-05,-2.090471480402832e-05,0.0,0.0,0.0,96.99993827630921
2020-04-08,97.99995965088401,97.99861132045363,98.00126719233225,97.99995965088401,97.99995965088401,-2.265965588877307e-05,-2.265965588877307e-05,-2.265965588877307e-05,-2.265965588877307e-05,-2.265965588877307e-05,-2.265965588877307e-05,0.0,0.0,0.0,97.99993699122813
2020-04-09,98.999960120744,98.99856743806347,99.00124107211701,98.999960120744,98.999960120744,-5.301048554974178e-06,-5.301048554974178e-06,-5.301048554974178e-06,-5.301048554974178e-06,-5.301048554974178e-06,-5.301048554974178e-06,0.0,0.0,0.0,98.99995481969545
2020-04-10,99.99996059060402,99.99870710981936,100.0013346716858,99.99995627543318,99.99996367302407,1.6100842493661943e-05,1.6100842493661943e-05,1.6100842493661943e-05,1.6100842493661943e-05,1.6100842493661943e-05,1.6100842493661943e-05,0.0,0.0,0.0,99.9999766914465
2020-04-11,100.999961060464,100.9986493609217,101.00130312459864,100.99993739962206,100.99999179787662,2.3448135717360537e-05,2.3448135717360537e-05,2.3448135717360537e-05,2.3448135717360537e-05,2.3448135717360537e-05,2.3448135717360537e-05,0.0,0.0,0.0,100.99998450859972
2020-04-12,101.999961530324,101.99868954811129,102.00131080235647,101.99990243634605,102.00003409502469,1.2960432586785748e-05,1.2960432586785748e-05,1.2960432586785748e-05,1.2960432586785748e-05,1.2960432586785748e-05,1.2960432586785748e-05,0.0,0.0,0.0,101.99997449075659
2020-04-13,102.99996200018401,102.99858502210138,103.00129467752534,102.99986166414914,103.00010851606757,-3.64399154999312e-06,-3.64399154999312e-06,-3.64399154999312e-06,-3.64399154999312e-06,-3.64399154999312e-06,-3.64399154999312e-06,0.0,0.0,0.0,102.99995835619247
2020-04-14,103.99996247004401,103.99852341087472,104.00137637250597,103.99980388226982,104.0001863674524,-2.090471480403639e-05,-2.090471480403639e-05,-2.090471480403639e-05,-2.090471480403639e-05,-2.090471480403639e-05,-2.090471480403639e-05,0.0,0.0,0.0,103.99994156532921
2020-04-15,104.99996293990401,104.9986875918256,105.0012987624408,104.99974745803328,105.00027073803926,-2.2659655888767605e-05,-2.2659655888767605e-05,-2.2659655888767605e-05,-2.2659655888767605e-05,-2.2659655888767605e-05,-2.2659655888767605e-05,0.0,0.0,0.0,104.99994028024813
2020-04-16,105.99996340976399,105.99876656374104,106.00130821383462,105.9996860736088,106.00034251573389,-5.301048555051545e-06,-5.301048555051545e-06,-5.301048555051545e-06,-5.301048555051545e-06,-5.301048555051545e-06,-5.301048555051545e-06,0.0,0.0,0.0,105.99995810871543
2020-04-17,106.999963879624,106.99865105025005,107.00142907928796,106.99960408055891,107.00042736327657,1.6100842493670095e-05,1.6100842493670095e-05,1.6100842493670095e-05,1.6100842493670095e-05,1.6100842493670095e-05,1.6100842493670095e-05,0.0,0.0,0.0,106.99997998046649
2020-04-18,107.999964349484,107.99860397099,108.00156188967019,107.99951392963628,108.00051316015556,2.344813571736099e-05,2.344813571736099e-05,2.344813571736099e-05,2.344813571736099e-05,2.344813571736099e-05,2.344813571736099e-05,0.0,0.0,0.0,107.99998779761972
2020-04-19,108.999964819344,108.99854083524555,109.0015835586716,108.99941450771729,109.0006128270167,1.2960432586775138e-05,1.2960432586775138e-05,1.2960432586775138e-05,1.2960432586775138e-05,1.2960432586775138e-05,1.2960432586775138e-05,0.0,0.0,0.0,108.99997777977659
2020-04-20,109.99996528920401,109.99849686832196,110.00148358686866,109.99932020109753,110.00072707452816,-3.6439915500071797e-06,-3.6439915500071797e-06,-3.6439915500071797e-06,-3.6439915500071797e-06,-3.6439915500071797e-06,-3.6439915500071797e-06,0.0,0.0,0.0,109.99996164521247
2020-04-21,110.99996575906398,110.99835784364765,111.00163583400348,110.99921340305825,111.00083268167232,-2.0904714803997058e-05,-2.0904714803997058e-05,-2.0904714803997058e-05,-2.0904714803997058e-05,-2.0904714803997058e-05,-2.0904714803997058e-05,0.0,0.0,0.0,110.99994485434918
2020-04-22,111.999966228924,111.99838675202315,112.00170449052608,111.99909223217054,112.0009451254094,-2.2659655888758894e-05,-2.2659655888758894e-05,-2.2659655888758894e-05,-2.2659655888758894e-05,-2.2659655888758894e-05,-2.2659655888758894e-05,0.0,0.0,0.0,111.99994356926811
2020-04-23,112.99996669878401,112.99834333962683,113.00172067149694,112.99899711340399,113.00104570842994,-5.301048555033414e-06,-5.301048555033414e-06,-5.301048555033414e-06,-5.301048555033414e-06,-5.301048555033414e-06,-5.301048555033414e-06,0.0,0.0,0.0,112.99996139773545
2020-04-24,113.99996716864402,113.99813663345283,114.001796967356,113.99888589508133,114.00115767364021,1.6100842493684295e-05,1.6100842493684295e-05,1.6100842493684295e-05,1.6100842493684295e-05,1.6100842493684295e-05,1.6100842493684295e-05,0.0,0.0,0.0,113.9999832694865
2020-04-25,114.99996763850399,114.9982810642028,115.00182175303051,114.99874642134107,115.00127914498272,2.3448135717357515e-05,2.3448135717357515e-05,2.3448135717357515e-05,2.3448135717357515e-05,2.3448135717357515e-05,2.3448135717357515e-05,0.0,0.0,0.0,114.99999108663971
2020-04-26,115.999968108364,115.99803167969547,116.00198646596901,115.99862386136289,116.00140087325354,1.2960432586764003e-05,1.2960432586764003e-05,1.2960432586764003e-05,1.2960432586764003e-05,1.2960432586764003e-05,1.2960432586764003e-05,0.0,0.0,0.0,115.99998106879659
2020-04-27,116.99996857822401,116.99790194734798,117.00206729258457,116.9985024725906,117.00150613513115,-3.6439915499450803e-06,-3.6439915499450803e-06,-3.6439915499450803e-06,-3.6439915499450803e-06,-3.6439915499450803e-06,-3.6439915499450803e-06,0.0,0.0,0.0,116.99996493423247
2020-04-28,117.999969048084,117.99789674186474,118.00200806203965,117.99841242123723,118.00164810495964,-2.0904714804005132e-05,-2.0904714804005132e-05,-2.0904714804005132e-05,-2.0904714804005132e-05,-2.0904714804005132e-05,-2.0904714804005132e-05,0.0,0.0,0.0,117.9999481433692
2020-04-29,118.99996951794401,118.99775290037219,119.0019882152965,118.99826923499369,119.00176870496699,-2.2659655888756658e-05,-2.2659655888756658e-05,-2.2659655888756658e-05,-2.2659655888756658e-05,-2.2659655888756658e-05,-2.2659655888756658e-05,0.0,0.0,0.0,118.99994685828813
2020-04-30,119.99996998780401,119.99768339309976,120.00230584099396,119.99812523578693,120.00186939707402,-5.301048555018757e-06,-5.301048555018757e-06,-5.301048555018757e-06,-5.301048555018757e-06,-5.301048555018757e-06,-5.301048555018757e-06,0.0,0.0,0.0,119.99996468675545
2020-05-01,120.999970457664,120.99752293644123,121.00237654143082,120.99797217221018,121.00197982815475,1.610084249362712e-05,1.610084249362712e-05,1.610084249362712e-05,1.610084249362712e-05,1.610084249362712e-05,1.610084249362712e-05,0.0,0.0,0.0,120.99998655850649
2020-05-02,121.999970927524,121.99741137868261,122.0026203389155,121.99778149044681,122.00213160294305,2.3448135717366795e-05,2.3448135717366795e-05,2.3448135717366795e-05,2.3448135717366795e-05,2.3448135717366795e-05,2.3448135717366795e-05,0.0,0.0,0.0,121.99999437565972
2020-05-03,122.99997139738402,122.99729312054144,123.00279721371696,122.99755400551939,123.00231331396078,1.2960432586753398e-05,1.2960432586753398e-05,1.2960432586753398e-05,1.2960432586753398e-05,1.2960432586753398e-05,1.2960432586753398e-05,0.0,0.0,0.0,122.9999843578166
2020-05-04,123.999971867244,123.99714460647672,124.00285347245261,123.9974597524596,124.00244663973996,-3.6439915499591398e-06,-3.6439915499591398e-06,-3.6439915499591398e-06,-3.6439915499591398e-06,-3.6439915499591398e-06,-3.6439915499591398e-06,0.0,0.0,0.0,123.99996822325245
2020-05-05,124.999972337104,124.99687635394373,125.00298622114711,124.99728262496788,125.00255681232316,-2.09047148040132e-05,-2.09047148040132e-05,-2.09047148040132e-05,-2.09047148040132e-05,-2.09047148040132e-05,-2.09047148040132e-05,0.0,0.0,0.0,124.9999514323892
2020-05-06,125.99997280696401,125.99690134654954,126.00293096911265,125.99707391844231,126.00268002432254,-2.2659655888747954e-05,-2.2659655888747954e-05,-2.2659655888747954e-05,-2.2659655888747954e-05,-2.2659655888747954e-05,-2.2659655888747954e-05,0.0,0.0,0.0,125.99995014730813
2020-05-07,126.99997327682401,126.99682532001917,127.00316901085277,126.99691726580913,127.00283187186258,-5.3010485550006274e-06,-5.3010485550006274e-06,-5.3010485550006274e-06,-5.3010485550006274e-06,-5.3010485550006274e-06,-5.3010485550006274e-06,0.0,0.0,0.0,126.99996797577545
2020-05-08,127.99997374668402,127.99650332445434,128.0031416452074,127.99675776891242,128.00299742756124,1.610084249364131e-05,1.610084249364131e-05,1.610084249364131e-05,1.610084249364131e-05,1.610084249364131e-05,1.610084249364131e-05,0.0,0.0,0.0,127.9999898475265
2020-05-09,128.999974216544,128.996333016869,129.00344435864508,128.99657993543113,129.00315955132533,2.3448135717365284e-05,2.3448135717365284e-05,2.3448135717365284e-05,2.3448135717365284e-05,2.3448135717365284e-05,2.3448135717365284e-05,0.0,0.0,0.0,128.9999976646797
